Marketplace Connector,موصّل الأسواق الإلكترونية,
ERPNext Marketplace Connector,موصّل ERPNext للأسواق الإلكترونية,
Marketplace Channel,قناة السوق,
Marketplace Item Map,ربط أصناف السوق,
Marketplace Webhook Log,سجل Webhook للسوق,
Channel Name,اسم القناة,
"A unique label for this store connection, e.g. ""Salla - Main Store"" or ""Shopify - EU"".","اسم فريد لاتصال هذا المتجر، مثل ""سلة - المتجر الرئيسي"" أو ""Shopify - أوروبا"".",
Platform,المنصة,
Salla,سلة,
Zid,زد,
Shopify,Shopify,
WooCommerce,WooCommerce,
Store URL,رابط المتجر,
"Base URL of the store, e.g. https://mystore.myshopify.com or https://mystore.salla.sa",الرابط الأساسي للمتجر، مثل https://mystore.myshopify.com أو https://mystore.salla.sa,
Turn syncing off for this channel without deleting its configuration.,إيقاف المزامنة لهذه القناة دون حذف إعداداتها.,
API Credentials,بيانات اعتماد API,
API Key / Client ID,مفتاح API / معرّف العميل,
API Secret / Access Token,السر السري لـ API / رمز الوصول,
Webhook Secret,المفتاح السري لـ Webhook,
Used to verify inbound webhook signatures from this platform.,يُستخدم للتحقق من توقيعات Webhook الواردة من هذه المنصة.,
Stored encrypted. Never exposed to the browser.,مخزّن بشكل مشفّر ولا يُعرض في المتصفح.,
OAuth / Connector State,حالة OAuth / الموصّل,
Access Token,رمز الوصول,
Refresh Token,رمز التحديث,
Access Token Expires At,تاريخ انتهاء رمز الوصول,
Filled in automatically by the connector (e.g. via the OAuth authorize flow). Not usually edited by hand.,يُملأ تلقائيًا بواسطة الموصّل (مثلًا عبر مسار تفويض OAuth) ولا يُعدَّل يدويًا عادةً.,
Connector Settings (JSON),إعدادات الموصّل (JSON),
Free-form platform-specific config the connector needs beyond the standard fields above (e.g. Salla branch/location ID). Keeps this doctype's schema stable as new platforms or requirements are added - no migration needed to support a new key.,إعدادات حرة خاصة بالمنصة يحتاجها الموصّل إضافةً إلى الحقول القياسية أعلاه (مثل معرّف فرع أو موقع سلة). تُبقي بنية هذا المستند ثابتة عند إضافة منصات أو متطلبات جديدة دون الحاجة إلى ترحيل.,
ERPNext Mapping,الربط مع ERPNext,
"Stock for orders from this channel is deducted from here, and stock levels are pushed back from here.",يُخصم مخزون الطلبات الواردة من هذه القناة من هذا المستودع، ومنه تُرسل مستويات المخزون إلى القناة.,
Default Customer,العميل الافتراضي,
Used for orders when the channel does not provide enough detail to create/match a distinct Customer.,يُستخدم للطلبات عندما لا توفر القناة تفاصيل كافية لإنشاء عميل مستقل أو مطابقته.,
Sync Status,حالة المزامنة,
Idle,خامل,
Syncing,قيد المزامنة,
Last Synced (Orders),آخر مزامنة (الطلبات),
Last Synced (Stock),آخر مزامنة (المخزون),
Last Sync Error,آخر خطأ في المزامنة,
Channel SKU,رمز الصنف في القناة,
Channel Product ID,معرّف المنتج في القناة,
Channel Variant ID,معرّف المتغيّر في القناة,
Event,الحدث,
"Platform-specific event name, e.g. order.created",اسم الحدث الخاص بالمنصة، مثل order.created,
Received At,وقت الاستلام,
Signature Valid,التوقيع صحيح,
Processed,تمت المعالجة,
"Whether this event has been turned into an ERPNext document yet. Set by whatever handles the event, not automatically.",يوضح ما إذا كان هذا الحدث قد تحوّل إلى مستند في ERPNext. تحدده الجهة التي تعالج الحدث ولا يُضبط تلقائيًا.,
Order Reference,رقم مرجع الطلب,
Processing Error,خطأ المعالجة,
Raw Payload,البيانات الخام,
Payload,البيانات المرسلة,
Connect to Salla,الاتصال بسلة,
Save the channel before connecting - the redirect needs the API Key/Secret already saved.,احفظ القناة قبل الاتصال، فإعادة التوجيه تتطلب أن يكون مفتاح API وسره محفوظين مسبقًا.,
Register Webhooks,تسجيل Webhooks,
nothing new,لا جديد,
Webhooks,Webhooks,
Registered,تم التسجيل,
Import Products,استيراد المنتجات,
Create ERPNext Items and item mappings for every product on this Salla store?,هل تريد إنشاء أصناف ERPNext وربطها لكل منتج في متجر سلة هذا؟,
Importing products...,جارٍ استيراد المنتجات...,
Products imported,تم استيراد المنتجات,
"{0} items created, {1} mappings created, {2} already mapped.",تم إنشاء {0} صنف و{1} ربط، و{2} مربوطة مسبقًا.,
Connected to Salla successfully.,تم الاتصال بسلة بنجاح.,
OAuth Error,خطأ في OAuth,
